name,location,lat,lng
Quincy Jones Bang Saen,"{""lat"":13.2733395,""lng"":100.9437766}",13.2733395,100.9437766
Charin Nongmon,"{""lat"":13.28085,""lng"":100.936506}",13.28085,100.936506
Udomseafood Restaurant,"{""lat"":13.2512779,""lng"":100.9400064}",13.2512779,100.9400064
Nongmon Nutritionist,"{""lat"":13.279566,""lng"":100.936071}",13.279566,100.936071
Err Kung Phaow,"{""lat"":13.2781088,""lng"":100.9433674}",13.2781088,100.9433674
Baan Beer German,"{""lat"":13.2683328,""lng"":100.9421977}",13.2683328,100.9421977
บุญช่วย อาหารเช้า,"{""lat"":13.2758857,""lng"":100.9441159}",13.2758857,100.9441159
Phu@Love,"{""lat"":13.2806045,""lng"":100.9822441}",13.2806045,100.9822441
THE PYTHON cafe and eatery,"{""lat"":13.2420557,""lng"":100.9600994}",13.2420557,100.9600994
Sushi Ninja - ซูชินินจา บางแสน,"{""lat"":13.2853805,""lng"":100.9823841}",13.2853805,100.9823841
The she's house Wedding & Restaurant,"{""lat"":13.2689108,""lng"":100.9423519}",13.2689108,100.9423519
ร้านช้องนาง,"{""lat"":13.2797342,""lng"":100.9445061}",13.2797342,100.9445061
Fishoholics Fishing Resort and restaurant,"{""lat"":13.2602787,""lng"":100.9623124}",13.2602787,100.9623124
Momiji Specialty Coffee,"{""lat"":13.2864992,""lng"":100.983207}",13.2864992,100.983207
KBBQ บางแสน,"{""lat"":13.2773431,""lng"":100.9502589}",13.2773431,100.9502589
T One steak house,"{""lat"":13.2773213,""lng"":100.9516591}",13.2773213,100.9516591
Shabu21 สาขา หนองมน,"{""lat"":13.2770996,""lng"":100.9532003}",13.2770996,100.9532003
Melon Cafe (Farm to Table),"{""lat"":13.2720808,""lng"":100.9513089}",13.2720808,100.9513089
ร้านเอ๋เกาเหลา สาขาโค้งลูกทุ่ง,"{""lat"":13.277748,""lng"":100.9634559}",13.277748,100.9634559
NongmonNoi,"{""lat"":13.274786,""lng"":100.9349937}",13.274786,100.9349937
ก๋วยเตี๋ยวหมูบ้านบึง เย็นตาโฟ-เจ๊เริญ,"{""lat"":13.3224308,""lng"":101.0960439}",13.3224308,101.0960439
Ban Bueng Restaurant,"{""lat"":13.3259471,""lng"":101.1181437}",13.3259471,101.1181437
ร้านก๋วยเตี๋ยวซอกตึก บ้านบึง,"{""lat"":13.3117468,""lng"":101.1136355}",13.3117468,101.1136355
น้องพรเต้าหู้ถั่วเหลือง100%,"{""lat"":13.3119067,""lng"":101.1140667}",13.3119067,101.1140667
ร้านบ้านสองแสบ บ้านบึง ชลบุรี,"{""lat"":13.3074612,""lng"":101.1247777}",13.3074612,101.1247777
So Proud Cafe & Restaurant,"{""lat"":13.319675,""lng"":101.1009598}",13.319675,101.1009598
เอ๋ ก๋วยเตี๋ยวหมูบ้านบึง,"{""lat"":13.3190417,""lng"":101.1196051}",13.3190417,101.1196051
ครัวสเต็ก,"{""lat"":13.2867093,""lng"":101.1731149}",13.2867093,101.1731149
KFC,"{""lat"":13.33941,""lng"":101.05415}",13.33941,101.05415
"Duck Noodle at Banbung, Chinburi","{""lat"":13.3072717,""lng"":101.1256374}",13.3072717,101.1256374
Restaurant Krua Kun Ae,"{""lat"":13.2915731,""lng"":101.1775911}",13.2915731,101.1775911
The Meeting Pub & Restaurant,"{""lat"":13.3036291,""lng"":101.1161805}",13.3036291,101.1161805
Noodle Shop Original,"{""lat"":13.311602,""lng"":101.113492}",13.311602,101.113492
ร้านอาหารมุมสบาย บ้านบึง,"{""lat"":13.3089277,""lng"":101.1179198}",13.3089277,101.1179198
Khao Kha Mu Ban Bueng,"{""lat"":13.310639,""lng"":101.114354}",13.310639,101.114354
ร้านกาแฟอาหาร Hang Out Cafe&Kitchen,"{""lat"":13.2259861,""lng"":101.2315061}",13.2259861,101.2315061
ร้านอาซ๊อ มะหมี่ทำเอง,"{""lat"":13.2879493,""lng"":101.1727976}",13.2879493,101.1727976
บ้านกำนัน,"{""lat"":13.2762893,""lng"":101.1276168}",13.2762893,101.1276168
MK Suki Lotus Banbueng,"{""lat"":13.3049557,""lng"":101.1215629}",13.3049557,101.1215629
The Pizza Company - Lotus Banbung,"{""lat"":13.305273,""lng"":101.121507}",13.305273,101.121507
ชาบูมั้ย ณ หนองใหญ่,"{""lat"":13.1389028,""lng"":101.3877918}",13.1389028,101.3877918
ไน่ก้วย หมี่ผัดหนองใหญ่,"{""lat"":13.1556656,""lng"":101.3787051}",13.1556656,101.3787051
ร้านนายบอยตำแซบ,"{""lat"":13.2661167,""lng"":101.3184469}",13.2661167,101.3184469
The Bricks pizzeria&cafe,"{""lat"":13.2596287,""lng"":101.3173556}",13.2596287,101.3173556
ร้านลาบภูธรหนองใหญ่,"{""lat"":13.1422942,""lng"":101.3388471}",13.1422942,101.3388471
The Rock,"{""lat"":13.1550342,""lng"":101.379082}",13.1550342,101.379082
ส้มตำเจ๊เที่ยง,"{""lat"":13.1348218,""lng"":101.3391355}",13.1348218,101.3391355
"FarmSuk On the Table, FarmSuk, ฟาร์มสุข","{""lat"":13.0637519,""lng"":101.4197812}",13.0637519,101.4197812
Classic,"{""lat"":13.079894,""lng"":101.3982658}",13.079894,101.3982658
ฟาร์มสุข FarmSuk,"{""lat"":13.0635839,""lng"":101.419634}",13.0635839,101.419634
ก๋วยเตี๋ยวหมูเจ้แวว บ้านหลังเขา,"{""lat"":13.1024459,""lng"":101.3461072}",13.1024459,101.3461072
Pizza Na Ban,"{""lat"":13.011649,""lng"":101.44669}",13.011649,101.44669
ร้านตำนานแซบ,"{""lat"":13.1534335,""lng"":101.3802189}",13.1534335,101.3802189
สวนสวยริมฝาย ชลบุรี,"{""lat"":13.0684256,""lng"":101.4146786}",13.0684256,101.4146786
ร้านเจ๊แพรข้าวราดแกง,"{""lat"":13.0598103,""lng"":101.4243758}",13.0598103,101.4243758
ไร่คุณชนก,"{""lat"":13.1391098,""lng"":101.5089944}",13.1391098,101.5089944
Weng Potchana,"{""lat"":13.190432,""lng"":101.2492336}",13.190432,101.2492336
Thanyarot,"{""lat"":13.1559799,""lng"":101.3786217}",13.1559799,101.3786217
ลอดช่องหนองไผ่เเก้ว,"{""lat"":13.1988309,""lng"":101.2472548}",13.1988309,101.2472548
ยะไก่ย่างวิเชียรบุรี,"{""lat"":13.0246711,""lng"":101.4408395}",13.0246711,101.4408395
Mamis Bistro Restaurant,"{""lat"":12.92105,""lng"":100.913821}",12.92105,100.913821
"Restaurant ,creperie,pizzeria,Le petit Pigalle","{""lat"":12.9293432,""lng"":100.8922504}",12.9293432,100.8922504
Nong Bistro,"{""lat"":12.9368075,""lng"":100.9287536}",12.9368075,100.9287536
Dingeling Restaurant & Beer Garden,"{""lat"":12.9421985,""lng"":100.9387734}",12.9421985,100.9387734
THE COFFEE CLUB - Terminal 21 Pattaya,"{""lat"":12.9506603,""lng"":100.8882493}",12.9506603,100.8882493
Palace Cafe Pattaya,"{""lat"":12.9207791,""lng"":100.8763217}",12.9207791,100.8763217
사임당 ซาอิมดัง,"{""lat"":12.9459868,""lng"":100.8962571}",12.9459868,100.8962571
Totò Italian Restaurant,"{""lat"":12.899191,""lng"":100.867527}",12.899191,100.867527
Panchwati Gujarati And Indian Restaurant,"{""lat"":12.9514766,""lng"":100.8880136}",12.9514766,100.8880136
BHARATIA RECIPE VEG,"{""lat"":12.9245665,""lng"":100.8828622}",12.9245665,100.8828622
Firepork Terminal 21 Pattaya,"{""lat"":12.9503271,""lng"":100.888923}",12.9503271,100.888923
Maharani Restaurant (Indian Food বাংলাদেশি খাবার),"{""lat"":12.9305851,""lng"":100.8815762}",12.9305851,100.8815762
Coast Beach Club & Bistro Pattaya,"{""lat"":12.958861,""lng"":100.884753}",12.958861,100.884753
ครัว 3 หนุ่ม พัทยา,"{""lat"":12.921781,""lng"":100.903054}",12.921781,100.903054
Aroy Dee Pattaya,"{""lat"":12.934865,""lng"":100.885557}",12.934865,100.885557
Tulsi Gujarati Restaurant Pattaya,"{""lat"":12.9250322,""lng"":100.8745043}",12.9250322,100.8745043
Somsakdi's Restaurant,"{""lat"":12.9469648,""lng"":100.886929}",12.9469648,100.886929
MADRAS CAFE AND RESTAURANT,"{""lat"":12.9440635,""lng"":100.8883823}",12.9440635,100.8883823
Wild Fortress Restaurant,"{""lat"":13.0002202,""lng"":100.9332915}",13.0002202,100.9332915
GREEN D,"{""lat"":12.956846,""lng"":100.936224}",12.956846,100.936224
Phan Thong Riverside Dining,"{""lat"":13.4627016,""lng"":101.0162053}",13.4627016,101.0162053
ร้านอาหารกินรี อมตะนคร Kinnaree Coffee & Restaurant,"{""lat"":13.4526845,""lng"":101.0657134}",13.4526845,101.0657134
ณ ริมสวน สเต็ก&คอฟฟี่-พานทอง,"{""lat"":13.4652271,""lng"":101.095214}",13.4652271,101.095214
Kitchen One,"{""lat"":13.4195875,""lng"":101.0905541}",13.4195875,101.0905541
Halal restaurant,"{""lat"":13.4529197,""lng"":101.0261925}",13.4529197,101.0261925
Tung Jai Tham,"{""lat"":13.4372793,""lng"":101.1027182}",13.4372793,101.1027182
Project COFFEE,"{""lat"":13.4426129,""lng"":101.0593767}",13.4426129,101.0593767
Oishi Amata,"{""lat"":13.4464428,""lng"":101.0623151}",13.4464428,101.0623151
Halal restaurant,"{""lat"":13.4411292,""lng"":101.030224}",13.4411292,101.030224
Phanthong Thai Restaurant,"{""lat"":53.38580529999999,""lng"":-2.3522653}",53.38580529999999,-2.3522653
Phanthong Thai,"{""lat"":53.1439897,""lng"":-2.3654312}",53.1439897,-2.3654312
Phantong Restaurant Thailandais,"{""lat"":48.5787875,""lng"":7.7549074}",48.5787875,7.7549074
Phanthong Thai,"{""lat"":53.3202271,""lng"":-2.2378213}",53.3202271,-2.2378213
ชริม by kamolchanok อาหารไทยอร่อย กาแฟดี พนัสนิคม,"{""lat"":13.4432015,""lng"":101.1861808}",13.4432015,101.1861808
Khao Kaeng Pa Chiam (Chao Kao),"{""lat"":13.4499151,""lng"":101.1811067}",13.4499151,101.1811067
Yung Khao Restaurant,"{""lat"":13.45241,""lng"":101.176839}",13.45241,101.176839
Loetrot Duck Noodles,"{""lat"":13.4449393,""lng"":101.1820186}",13.4449393,101.1820186
พา-นัด,"{""lat"":13.4485187,""lng"":101.1806524}",13.4485187,101.1806524
ร้านดอกบัว,"{""lat"":13.4385602,""lng"":101.1791246}",13.4385602,101.1791246
SisGarden,"{""lat"":13.4442831,""lng"":101.1780058}",13.4442831,101.1780058
ร้านมุมโปรด,"{""lat"":13.4527913,""lng"":101.1833495}",13.4527913,101.1833495
ข้าวมันไก่พนัส ตลาดเก่า,"{""lat"":13.4525653,""lng"":101.1809375}",13.4525653,101.1809375
LittleYum พนัสนิคม,"{""lat"":13.4474974,""lng"":101.1865604}",13.4474974,101.1865604
Khok Service,"{""lat"":13.4476486,""lng"":101.1814282}",13.4476486,101.1814282
Nay coffee,"{""lat"":13.4450934,""lng"":101.186261}",13.4450934,101.186261
ชาบูอินดี้ พนัสนิคม,"{""lat"":13.4555026,""lng"":101.1747953}",13.4555026,101.1747953
ร้านลูกบอมส์,"{""lat"":13.4524342,""lng"":101.1796078}",13.4524342,101.1796078
ทนายเย็นตาโฟ,"{""lat"":13.4528177,""lng"":101.1839633}",13.4528177,101.1839633
Milk@Coffee Cafe' พนัสนิคม,"{""lat"":13.452786,""lng"":101.1813499}",13.452786,101.1813499
ร้านต้นเดือน@Phanat,"{""lat"":13.4500181,""lng"":101.1845608}",13.4500181,101.1845608
ร้านวิไล โภชนา,"{""lat"":13.4399424,""lng"":101.1796565}",13.4399424,101.1796565
ต้นตำนานอีสานพนัสนิคม,"{""lat"":13.450272,""lng"":101.175649}",13.450272,101.175649
แวะโซ้ย,"{""lat"":13.4407264,""lng"":101.1856491}",13.4407264,101.1856491
Pan & David Restaurant,"{""lat"":13.1543061,""lng"":100.8133859}",13.1543061,100.8133859
"Baan Noey,RIM TANG SEAFOOD RESTAURANT","{""lat"":13.1558485,""lng"":100.8119188}",13.1558485,100.8119188
Pad Thai Lady,"{""lat"":13.1594991,""lng"":100.8096165}",13.1594991,100.8096165
เฉลียงลม,"{""lat"":13.1620756,""lng"":100.8088296}",13.1620756,100.8088296
ร้านอาหารชมตะวัน #ท่าวัง,"{""lat"":13.1530768,""lng"":100.8139737}",13.1530768,100.8139737
ระเบียงทะเล สีชัง,"{""lat"":13.1621401,""lng"":100.8086491}",13.1621401,100.8086491
สวนอาหารปะการัง,"{""lat"":13.1603714,""lng"":100.8052733}",13.1603714,100.8052733
Champ Restaurant,"{""lat"":13.1621489,""lng"":100.8044497}",13.1621489,100.8044497
Rim-Tam Seafood Restaurant,"{""lat"":13.1455613,""lng"":100.8071599}",13.1455613,100.8071599
@Sichang Fresh Ciffee,"{""lat"":13.1585589,""lng"":100.8074315}",13.1585589,100.8074315
ร้านรอกียะห์ ส้มตำ อาหารไทย อีสาน ฮาลาล Halal,"{""lat"":13.1548834,""lng"":100.8126987}",13.1548834,100.8126987
ร้านอาหารทิวไผ่,"{""lat"":13.158049,""lng"":100.8097926}",13.158049,100.8097926
Loong-Dum's Restaurant (Uncle Dum's) opposite of the power plant,"{""lat"":13.1586114,""lng"":100.808146}",13.1586114,100.808146
ก๊วยเตี๊ยวเนื้อตุ๋น หน้าวิกเก่า อิสลาม เกาะสีชัง,"{""lat"":13.1648959,""lng"":100.8073212}",13.1648959,100.8073212
ร้านข้าวต้มแม่ลำใย,"{""lat"":13.1598161,""lng"":100.8097214}",13.1598161,100.8097214
ร้านอาหารเล็กท่าวัง (Lek Tha Wang),"{""lat"":13.1525887,""lng"":100.813951}",13.1525887,100.813951
ร้านตายาย (เจ้าเก่า),"{""lat"":13.1591595,""lng"":100.8095738}",13.1591595,100.8095738
ร้านเจ้ราตรี เกาะสีชัง,"{""lat"":13.1620172,""lng"":100.8084574}",13.1620172,100.8084574
Restaurant,"{""lat"":13.1587756,""lng"":100.8095384}",13.1587756,100.8095384
ร้านอาหารจันทร์ดี,"{""lat"":13.1616542,""lng"":100.806602}",13.1616542,100.806602
Bangsaray Beach Club,"{""lat"":12.7608804,""lng"":100.88311}",12.7608804,100.88311
THE KITCHEN Restaurant & Deli Shop,"{""lat"":12.721933,""lng"":100.8870811}",12.721933,100.8870811
Mickey's Aussie Bar & Restaurant,"{""lat"":12.7368755,""lng"":100.9010781}",12.7368755,100.9010781
23 Cafe’&Bistro’Sattahip,"{""lat"":12.7088519,""lng"":100.9294314}",12.7088519,100.9294314
Café de Sea,"{""lat"":12.6620258,""lng"":100.8977884}",12.6620258,100.8977884
Steakhouse grandmother's house in Sattahip,"{""lat"":12.669089,""lng"":100.914488}",12.669089,100.914488
ร้านอาหารแมกไม้ สายลม ไฮท์ส,"{""lat"":12.6775038,""lng"":100.9167208}",12.6775038,100.9167208
Sweet Rock Cafe Sattahip,"{""lat"":12.7351418,""lng"":100.9046894}",12.7351418,100.9046894
55 Story Cafe & Bistro,"{""lat"":12.6834637,""lng"":100.8941373}",12.6834637,100.8941373
Ruantalay Seafood Restaurant,"{""lat"":12.762919,""lng"":100.887143}",12.762919,100.887143
Kept Marine Restaurant,"{""lat"":12.7620809,""lng"":100.8854598}",12.7620809,100.8854598
Friday restaurant Sattahip,"{""lat"":12.6729561,""lng"":100.9006227}",12.6729561,100.9006227
SUSHI SUSHI สาขา สัตหีบ,"{""lat"":12.6688053,""lng"":100.9022888}",12.6688053,100.9022888
The Pirate Coffee & Healthy,"{""lat"":12.6682546,""lng"":100.9171684}",12.6682546,100.9171684
Friday Everyday,"{""lat"":12.6728294,""lng"":100.9005499}",12.6728294,100.9005499
De Beach House,"{""lat"":12.6613674,""lng"":100.9113159}",12.6613674,100.9113159
Puen Talay Restaurant,"{""lat"":12.6620343,""lng"":100.9030097}",12.6620343,100.9030097
The Garden Café,"{""lat"":12.681427,""lng"":100.8941356}",12.681427,100.8941356
Rim Chonrawee Restaurant,"{""lat"":12.6345467,""lng"":100.9273924}",12.6345467,100.9273924
Uno Restaurant,"{""lat"":12.6938628,""lng"":100.8909552}",12.6938628,100.8909552
MindbookCafe',"{""lat"":13.281116,""lng"":101.437083}",13.281116,101.437083
ร้านธัญรส บ่อทอง,"{""lat"":13.2822898,""lng"":101.4317434}",13.2822898,101.4317434
จรรยากริลล์,"{""lat"":13.2943564,""lng"":101.4401307}",13.2943564,101.4401307
ร้านก๋วยเตี๋ยวเจ๊ติ๋ม หนองน้ำ,"{""lat"":13.2526399,""lng"":101.5514037}",13.2526399,101.5514037
ร้านอาหารเทพรส 1,"{""lat"":13.2822275,""lng"":101.4372715}",13.2822275,101.4372715
ร้านชาบูอินดี้ บ่อทอง ชลบุรี,"{""lat"":13.2935827,""lng"":101.4403214}",13.2935827,101.4403214
เทพรส 2,"{""lat"":13.2824654,""lng"":101.4358817}",13.2824654,101.4358817
ร้านตำบ้านๆ/ก๊วยเตี๋ยวเรืออโยธยา ณ บ่อทอง,"{""lat"":13.2695022,""lng"":101.437304}",13.2695022,101.437304
SamBaiTao Cafe,"{""lat"":13.2710313,""lng"":101.4371705}",13.2710313,101.4371705
Banmae Restaurant,"{""lat"":13.3764965,""lng"":101.2764714}",13.3764965,101.2764714
ร้านเจ้หน่าส้มตำไก่ย่าง,"{""lat"":13.2990377,""lng"":101.4383791}",13.2990377,101.4383791
ร้านบะหมี่เหน่งช่าช่าช่า,"{""lat"":13.2026725,""lng"":101.5777317}",13.2026725,101.5777317
วรรณีเกาเหลาเนื้อ ลูกชิ้นชั้นเยี่ยม,"{""lat"":13.3131285,""lng"":101.4338296}",13.3131285,101.4338296
เจ๊บุ๋มอาหารตามสั่ง,"{""lat"":13.3188133,""lng"":101.3051847}",13.3188133,101.3051847
กำนันใย ไก่หุบบอน,"{""lat"":13.2930246,""lng"":101.4404605}",13.2930246,101.4404605
ร้านลาบอุบล,"{""lat"":13.3144813,""lng"":101.26794}",13.3144813,101.26794
ร้านอาหารครัวบ่อทอง,"{""lat"":13.3017266,""lng"":101.4200068}",13.3017266,101.4200068
Phairin Restaurant,"{""lat"":13.3194705,""lng"":101.3043612}",13.3194705,101.3043612
BHub ร้านข้าวหมูแดงวรรณ,"{""lat"":13.2822766,""lng"":101.4350413}",13.2822766,101.4350413
Kochan Express,"{""lat"":-7.605468199999999,""lng"":110.8113689}",-7.605468199999999,110.8113689
Saaitara Restaurant,"{""lat"":12.0546204,""lng"":102.2930932}",12.0546204,102.2930932
Kochan Express Solobaru,"{""lat"":-7.605524600000001,""lng"":110.8112695}",-7.605524600000001,110.8112695
Warung D'Kochan,"{""lat"":-6.6363495,""lng"":106.8161473}",-6.6363495,106.8161473
Bakso Urat Kochan,"{""lat"":-7.586644,""lng"":110.834114}",-7.586644,110.834114
Beef curry Kochan,"{""lat"":32.7912185,""lng"":130.7124843}",32.7912185,130.7124843
Kochan,"{""lat"":31.3832248,""lng"":130.8455332}",31.3832248,130.8455332
Schanklokal Busching,"{""lat"":51.9470372,""lng"":14.7149273}",51.9470372,14.7149273
Ko-chan,"{""lat"":35.6605399,""lng"":139.7028167}",35.6605399,139.7028167
Kochan Sushi,"{""lat"":35.7292311,""lng"":139.7155511}",35.7292311,139.7155511
Kochan Sushi,"{""lat"":35.951264,""lng"":140.044225}",35.951264,140.044225
Kochan,"{""lat"":34.6876275,""lng"":135.6391495}",34.6876275,135.6391495
Cherry Hops & Bistro Siracha,"{""lat"":13.1658823,""lng"":100.9289367}",13.1658823,100.9289367
NaNaSe Ramen (SIRACHA),"{""lat"":13.1681314,""lng"":100.9352471}",13.1681314,100.9352471
Website Siracha,"{""lat"":13.1686427,""lng"":100.9296872}",13.1686427,100.9296872
Robison siracha,"{""lat"":12.9276082,""lng"":100.8770813}",12.9276082,100.8770813
"Cafeteria, Sakdak Building, Assumption Siracha","{""lat"":13.1626128,""lng"":100.9430436}",13.1626128,100.9430436
Marina Plaza Sriracha,"{""lat"":13.1634308,""lng"":100.9203726}",13.1634308,100.9203726
ร้าน มีดี ศรีราชา MeeDee Siracha,"{""lat"":13.1620351,""lng"":100.9197651}",13.1620351,100.9197651
Oshin Sriracha,"{""lat"":13.1686744,""lng"":100.9269521}",13.1686744,100.9269521
Pizza Hut 1150 -Sriracha,"{""lat"":13.166269,""lng"":100.9330145}",13.166269,100.9330145
MiniShabu Siracha,"{""lat"":13.1559807,""lng"":100.9598195}",13.1559807,100.9598195
ร้านกินกัน (KIN KAN),"{""lat"":13.1171754,""lng"":101.0321292}",13.1171754,101.0321292
Mum Aroy,"{""lat"":13.1798944,""lng"":100.9286578}",13.1798944,100.9286578
RuenMaluli Restaurant,"{""lat"":13.1183225,""lng"":100.9990892}",13.1183225,100.9990892
Sushi Toro Home take away Siracha,"{""lat"":13.163703,""lng"":100.9320214}",13.163703,100.9320214
Levanzo,"{""lat"":13.1634585,""lng"":100.9204182}",13.1634585,100.9204182
Pindoya Korean BBQ,"{""lat"":13.1680927,""lng"":100.9274436}",13.1680927,100.9274436
Café Terrace Si Racha,"{""lat"":13.118984,""lng"":100.9995796}",13.118984,100.9995796
TakoWanaka Takoyaki ทาโกะวานากะ ทาโกะยากิ (ทาโกะหมึกแดง),"{""lat"":13.1530757,""lng"":100.9834907}",13.1530757,100.9834907
Sushi Sriracha,"{""lat"":13.165974,""lng"":100.9296229}",13.165974,100.9296229
KING BBQ ราชาปิ้งย่าง,"{""lat"":13.1668801,""lng"":100.9267644}",13.1668801,100.9267644
ป้าศรีส้มตำ ถนนเลี่ยงหนองมน บางแสน ชลบุรี,"{""lat"":13.2776209,""lng"":100.9590017}",13.2776209,100.9590017
Raffine cafe & The she's house wedding & restaurant Bang Sean,"{""lat"":13.2686336,""lng"":100.9424182}",13.2686336,100.9424182
Little Chef Bang Saen,"{""lat"":13.2839943,""lng"":100.9460565}",13.2839943,100.9460565
แจ่วฮ้อน บางแสน,"{""lat"":13.2774259,""lng"":100.9611985}",13.2774259,100.9611985
Koji Yakiniku Japanese Buffet บางแสน,"{""lat"":13.2783817,""lng"":100.9414342}",13.2783817,100.9414342
ร้านตำหนักลาว บางแสน,"{""lat"":13.2588735,""lng"":100.9402949}",13.2588735,100.9402949
ไก่ต้มน้ำปลา เจ้าเก่าซอยสดใส,"{""lat"":13.2785779,""lng"":100.9329567}",13.2785779,100.9329567
MoMo Bangsaen,"{""lat"":13.275855,""lng"":100.9318281}",13.275855,100.9318281
YAYOI Laemtong Bangsaen ยาโยอิ แหลมทองบางแสน,"{""lat"":13.28723,""lng"":100.926461}",13.28723,100.926461
Suan Khao Phu,"{""lat"":13.2398548,""lng"":100.9590601}",13.2398548,100.9590601
The Pizza Company,"{""lat"":13.279142,""lng"":100.936626}",13.279142,100.936626
Dayya6,"{""lat"":13.2770293,""lng"":100.9500792}",13.2770293,100.9500792
ร้านบังเละ อาหารตามสั่ง,"{""lat"":13.2775368,""lng"":100.9729285}",13.2775368,100.9729285
Khrua Che Mian,"{""lat"":13.2566923,""lng"":100.934122}",13.2566923,100.934122
โคตรกระเพรา บางแสน,"{""lat"":13.2811901,""lng"":100.9298106}",13.2811901,100.9298106
MK Laemtong Bangsaen,"{""lat"":13.2872091,""lng"":100.9264074}",13.2872091,100.9264074
VT,"{""lat"":13.2709628,""lng"":100.9351668}",13.2709628,100.9351668
อาเหมาไก่ย่าง บางแสน,"{""lat"":13.2568927,""lng"":100.9390015}",13.2568927,100.9390015
ครัวเงาะป่า,"{""lat"":13.2865633,""lng"":100.9827349}",13.2865633,100.9827349
ร้านเก้าอี้เหลือง Kaweeileung Restaurant,"{""lat"":13.2773959,""lng"":100.9607531}",13.2773959,100.9607531
เจ๊กันยา ก๋วยเตี๋ยวบ้านบึง,"{""lat"":13.2325565,""lng"":101.2247249}",13.2325565,101.2247249
Nong Rung Restaurant,"{""lat"":13.2265031,""lng"":101.2320647}",13.2265031,101.2320647
ร้านก๋วยเตี๋ยวหมูเจ้าเก่าโอเค ชุนฮ้อ,"{""lat"":13.3115863,""lng"":101.1143935}",13.3115863,101.1143935
ร้านอาหารป่า หนองบอนแดง,"{""lat"":13.3382833,""lng"":101.1450026}",13.3382833,101.1450026
ร้านอาหารหลบมุม,"{""lat"":13.3106233,""lng"":101.1123178}",13.3106233,101.1123178
เจ้เหน่งข้าวต้มกุ๊ย บ้านบึง,"{""lat"":13.309092,""lng"":101.1194375}",13.309092,101.1194375
I am Hungry - Ban Bueng,"{""lat"":13.3084725,""lng"":101.1164231}",13.3084725,101.1164231
MK Restaurant,"{""lat"":13.3047013,""lng"":101.1193436}",13.3047013,101.1193436
ร้านลาบยโส,"{""lat"":13.2481561,""lng"":101.2088135}",13.2481561,101.2088135
Ban Bueng Dental Lab,"{""lat"":13.3116341,""lng"":101.1146281}",13.3116341,101.1146281
นิยมสุข ซีฟู้ด บุฟเฟ่ต์ สาขาบ้านบึง,"{""lat"":13.3058494,""lng"":101.130242}",13.3058494,101.130242
ร้านอาหารนนท์,"{""lat"":13.252164,""lng"":101.154925}",13.252164,101.154925
"OK Sung Hor Noodle, Ban Bung","{""lat"":13.3115334,""lng"":101.1144355}",13.3115334,101.1144355
Aje aje Korean Restaurant,"{""lat"":13.3211131,""lng"":101.1021214}",13.3211131,101.1021214
ร้านอาหารช่อชบา อ.บ้านบึง,"{""lat"":13.3210998,""lng"":101.1017229}",13.3210998,101.1017229
Che Oi Mu Yang Korea,"{""lat"":13.2850988,""lng"":101.2592415}",13.2850988,101.2592415
ร้านอาหาร ศิริวัฒน์,"{""lat"":13.2229312,""lng"":101.2346387}",13.2229312,101.2346387
Tae Mong Huad Ban Bueng,"{""lat"":13.3074851,""lng"":101.1128857}",13.3074851,101.1128857
Krua Rim Thang,"{""lat"":13.3201011,""lng"":101.0992632}",13.3201011,101.0992632
Reggae Bar,"{""lat"":13.2878781,""lng"":101.1764262}",13.2878781,101.1764262
ร้านอาหารตามสั่ฃ,"{""lat"":13.135181,""lng"":101.3456224}",13.135181,101.3456224
Chester's,"{""lat"":13.020929,""lng"":101.446279}",13.020929,101.446279
ร้านก๋วยเตี๋ยวเจ๊เอี้ยง,"{""lat"":13.1342609,""lng"":101.3381039}",13.1342609,101.3381039
ร้านจิ้มจุ่ม หนองใหญ่,"{""lat"":13.1593712,""lng"":101.3773225}",13.1593712,101.3773225
ครัววังใหญ่,"{""lat"":13.1255754,""lng"":101.3601617}",13.1255754,101.3601617
ร้านเจ๊นิตย์ เกี๊ยวปลา,"{""lat"":13.062641,""lng"":101.4205771}",13.062641,101.4205771
Tori shop,"{""lat"":13.157221,""lng"":101.3088168}",13.157221,101.3088168
ธนพลข้าวมันไก่,"{""lat"":13.0697771,""lng"":101.4134018}",13.0697771,101.4134018
Nam Chok Restaurant,"{""lat"":13.015377,""lng"":101.465875}",13.015377,101.465875
ส้มตำป้าแต้ม,"{""lat"":13.0196452,""lng"":101.4528803}",13.0196452,101.4528803
ร้านไก่ย่างวิเชียร ไสวไทหล่ม,"{""lat"":13.1482222,""lng"":101.3317001}",13.1482222,101.3317001
กอ.ฝึก,"{""lat"":13.1878796,""lng"":101.3292023}",13.1878796,101.3292023
ร้านฮวดโภชนา,"{""lat"":13.0173139,""lng"":101.4618258}",13.0173139,101.4618258
เนินนมหนองใหญ่​,"{""lat"":13.1387555,""lng"":101.3879152}",13.1387555,101.3879152
บะหมี่หนองเสือช้าง,"{""lat"":13.1344779,""lng"":101.3472729}",13.1344779,101.3472729
ส้มตำคุณดาว,"{""lat"":13.141425,""lng"":101.3732404}",13.141425,101.3732404
ขวัญใจหม่าล่า,"{""lat"":13.1344793,""lng"":101.3470321}",13.1344793,101.3470321
ร้านอาหารเจ้กุ้ง,"{""lat"":13.2546778,""lng"":101.3292927}",13.2546778,101.3292927
ก๋วยเตี๋ยวเป็ด,"{""lat"":13.1137488,""lng"":101.3745457}",13.1137488,101.3745457
ครัวบ้านเราอาหารตามสั่ง,"{""lat"":13.1547121,""lng"":101.3770139}",13.1547121,101.3770139
Jai Jinendra Pure Vegetarian Indian Restaurant,"{""lat"":12.9364095,""lng"":100.8868725}",12.9364095,100.8868725
Toby’s,"{""lat"":12.9453084,""lng"":100.8894173}",12.9453084,100.8894173
Tandoori Night Indian Restaurant,"{""lat"":12.9282754,""lng"":100.8825163}",12.9282754,100.8825163
Flare,"{""lat"":12.935241,""lng"":100.882779}",12.935241,100.882779
Frankie's Inn,"{""lat"":12.8939148,""lng"":100.8764037}",12.8939148,100.8764037
Punjabi Tarka Indian Restaurant (pure jain Food),"{""lat"":12.9364745,""lng"":100.8893048}",12.9364745,100.8893048
Wah Ji Wah Indian Restaurant,"{""lat"":12.9287143,""lng"":100.8778539}",12.9287143,100.8778539
Edge,"{""lat"":12.9347441,""lng"":100.8826562}",12.9347441,100.8826562
PIPPA Restaurant,"{""lat"":12.9452428,""lng"":100.8866733}",12.9452428,100.8866733
L'Auberge,"{""lat"":12.9201411,""lng"":100.8779957}",12.9201411,100.8779957
"Isswas Pattaya, Restaurant und Backstube","{""lat"":12.8929122,""lng"":100.8912232}",12.8929122,100.8912232
Hachiban Ramen,"{""lat"":12.9348205,""lng"":100.883855}",12.9348205,100.883855
ร้านอาหาร ช.ซีฟูดส์,"{""lat"":13.016718,""lng"":100.927807}",13.016718,100.927807
The Pizza Company,"{""lat"":12.9597712,""lng"":100.8936864}",12.9597712,100.8936864
Sukishi,"{""lat"":12.945759,""lng"":100.889297}",12.945759,100.889297
Som Tam Pooma Pa-Prapai,"{""lat"":12.9569083,""lng"":100.887534}",12.9569083,100.887534
Vespresso Restaurant,"{""lat"":12.9078073,""lng"":100.9235294}",12.9078073,100.9235294
ก๋วยเตี๋ยวเป็ด กระเพราเป็ด หน้าวัดธรรม พัทยาใต้,"{""lat"":12.9167867,""lng"":100.8993924}",12.9167867,100.8993924
Burger King - Pattaya Klang,"{""lat"":12.9366648,""lng"":100.8828918}",12.9366648,100.8828918
Noorjahan Restaurant,"{""lat"":12.9291453,""lng"":100.8777516}",12.9291453,100.8777516
นาเนีย สเต็ก สาขาพนัสนิคม,"{""lat"":13.4380786,""lng"":101.1910642}",13.4380786,101.1910642
วิไลหัวปลา,"{""lat"":13.4398746,""lng"":101.1797103}",13.4398746,101.1797103
Si Kunchon Restaurant,"{""lat"":13.4501464,""lng"":101.1809878}",13.4501464,101.1809878
โกตงเป็ดย่างฮ่องกง พนัสนิคม,"{""lat"":13.4453302,""lng"":101.1772719}",13.4453302,101.1772719
ราดหน้า ก๋วยเตี๋ยวห่อ,"{""lat"":13.4471061,""lng"":101.1814116}",13.4471061,101.1814116
SUSHI HOUSE พนัสนิคม,"{""lat"":13.4454592,""lng"":101.1810325}",13.4454592,101.1810325
Ban Restaurant,"{""lat"":13.4555976,""lng"":101.1746758}",13.4555976,101.1746758
Jaey Na Thai Restaurant,"{""lat"":13.4515085,""lng"":101.187072}",13.4515085,101.187072
ร้านVT แหนมเนือง พนัสนิคม,"{""lat"":13.450101,""lng"":101.1808314}",13.450101,101.1808314
ส้มตำสะบัดช่อ พนัสนิคม,"{""lat"":13.4456588,""lng"":101.1816823}",13.4456588,101.1816823
จึงฮั่วเตียงโภชนา,"{""lat"":13.449326,""lng"":101.182157}",13.449326,101.182157
Krit Tadabodin - Beef Soup Restaurant,"{""lat"":13.4472603,""lng"":101.1808838}",13.4472603,101.1808838
นาเนียสเต๊ก สาขา2,"{""lat"":13.4551322,""lng"":101.1744345}",13.4551322,101.1744345
ร้านต้นเดือน,"{""lat"":13.4499365,""lng"":101.1845599}",13.4499365,101.1845599
ร้านน้องตฤณตามสั่ง,"{""lat"":13.4500428,""lng"":101.1801617}",13.4500428,101.1801617
ร้านลุงแบล็ค,"{""lat"":13.4520697,""lng"":101.1753275}",13.4520697,101.1753275
ลิตเติ้ลยำ พนัสนิคม,"{""lat"":13.4474904,""lng"":101.1865684}",13.4474904,101.1865684
Garfieldsushi,"{""lat"":13.442427,""lng"":101.1842555}",13.442427,101.1842555
Signature,"{""lat"":13.4499269,""lng"":101.1809714}",13.4499269,101.1809714
เจียงเฮง 1,"{""lat"":13.4452373,""lng"":101.1818293}",13.4452373,101.1818293
ร้านส้มตำยายอึ่ง,"{""lat"":13.1673095,""lng"":100.803841}",13.1673095,100.803841
Pan & David Restaurant,"{""lat"":13.1543034,""lng"":100.8133868}",13.1543034,100.8133868
ร้านก๋วยเตี๋ยว ตรงข้ามโรงแรมสีชังพาเลส,"{""lat"":13.162595,""lng"":100.808297}",13.162595,100.808297
Nithra Restaurant,"{""lat"":13.1624305,""lng"":100.8063553}",13.1624305,100.8063553
Belinda PIZZA,"{""lat"":13.1578443,""lng"":100.8097186}",13.1578443,100.8097186
陣田筏,"{""lat"":13.1606796,""lng"":100.8098805}",13.1606796,100.8098805
ビーチ,"{""lat"":13.1458923,""lng"":100.8068712}",13.1458923,100.8068712
ร้านนกกะหน่อย,"{""lat"":13.1531008,""lng"":100.8137459}",13.1531008,100.8137459
ร้านอาหารเอกอั้มอร่อยเว่อร์ eakamm aroy very,"{""lat"":13.1569597,""lng"":100.8107374}",13.1569597,100.8107374
ไต๋แนน ซีฟู้ด,"{""lat"":13.1660223,""lng"":100.802539}",13.1660223,100.802539
ร้านจันทร์ดี,"{""lat"":13.1589942,""lng"":100.80758}",13.1589942,100.80758
ทิวไผ่ ห้องอาหาร,"{""lat"":13.1465322,""lng"":100.8163564}",13.1465322,100.8163564
เจ๊นุ้ย อาหารตามสั่ง,"{""lat"":13.15348,""lng"":100.808151}",13.15348,100.808151
ศักดิ์ หน่อย,"{""lat"":13.1535824,""lng"":100.8135312}",13.1535824,100.8135312
ร้านอาหารจ่าโต้ง,"{""lat"":13.1635887,""lng"":100.801045}",13.1635887,100.801045
シーフード麺食堂,"{""lat"":13.1573449,""lng"":100.8100769}",13.1573449,100.8100769
ข้าวต้มขัางโรงพยาบาล,"{""lat"":13.1628391,""lng"":100.8077956}",13.1628391,100.8077956
ชาวเกาะ สเต็ก บ้าน บ้าน,"{""lat"":13.1630544,""lng"":100.8079254}",13.1630544,100.8079254
นาไม้ไผ่,"{""lat"":13.1467938,""lng"":100.8120717}",13.1467938,100.8120717
ร้านอาหาร สาวน้อย,"{""lat"":13.1454807,""lng"":100.8072424}",13.1454807,100.8072424
เฮียเฉิน ข้าวมันไก่สิงคโปร์,"{""lat"":12.6704482,""lng"":100.9084635}",12.6704482,100.9084635
Sattahip Naval Base Windjammer Club,"{""lat"":12.6621276,""lng"":100.908435}",12.6621276,100.908435
Tang LaK Restaurant @ Sattahip,"{""lat"":12.7335806,""lng"":100.8942264}",12.7335806,100.8942264
ร้านอาหารชาญชล,"{""lat"":12.6561945,""lng"":100.8888776}",12.6561945,100.8888776
BOR-BAIMAI,"{""lat"":12.7035765,""lng"":100.8964995}",12.7035765,100.8964995
กิจการสโมสร รพ.อาภากรเกียรติวงศ์ ฯ,"{""lat"":12.6648525,""lng"":100.8958574}",12.6648525,100.8958574
Pizza Hut 1150 - Sattahip,"{""lat"":12.6727549,""lng"":100.89976}",12.6727549,100.89976
ร้านส้มตำเฌอ เฌอ,"{""lat"":12.672479,""lng"":100.8964266}",12.672479,100.8964266
roidee cafe at sattahip,"{""lat"":12.7133588,""lng"":100.9122516}",12.7133588,100.9122516
WYOU Bistro and Beach Bar,"{""lat"":12.6619458,""lng"":100.8980127}",12.6619458,100.8980127
Chaisangma,"{""lat"":12.6952197,""lng"":100.9014322}",12.6952197,100.9014322
Krua Rim Kean Restaurant,"{""lat"":12.623413,""lng"":100.9157508}",12.623413,100.9157508
The peacock sattahip,"{""lat"":12.7275643,""lng"":100.8902025}",12.7275643,100.8902025
บ่อตกปลา ครัวป้าพิศ Sattahip,"{""lat"":12.7188984,""lng"":100.9031633}",12.7188984,100.9031633
สโมสรลีลาสมุทร,"{""lat"":12.7603478,""lng"":100.8778621}",12.7603478,100.8778621
ร้านส้มตำเจ๊พร บ่อนไก่ซอย 10 สัตหีบ,"{""lat"":12.6823385,""lng"":100.9064041}",12.6823385,100.9064041
ส้มตำครัวเต็มจิต ซอยบ่อนไก่4 สัตหีบ,"{""lat"":12.6764976,""lng"":100.9030462}",12.6764976,100.9030462
ออง​ตอง​ คาเฟ่,"{""lat"":12.6725213,""lng"":100.8961082}",12.6725213,100.8961082
Chafe @ Sattahip,"{""lat"":12.6784567,""lng"":100.9029456}",12.6784567,100.9029456
เตี๋ยวปลาหนองเคียน,"{""lat"":12.6657772,""lng"":100.9009323}",12.6657772,100.9009323
บ้านแม่,"{""lat"":13.2810545,""lng"":101.4393512}",13.2810545,101.4393512
BHub ร้านก๋วยเตี๋ยวพีท,"{""lat"":13.2825836,""lng"":101.4328076}",13.2825836,101.4328076
เฮียหนู หมูกะทะ,"{""lat"":13.2828674,""lng"":101.4209224}",13.2828674,101.4209224
Noodle Restaurant,"{""lat"":13.3002537,""lng"":101.2623838}",13.3002537,101.2623838
"ร้านข้าวต้มปลา ทะเล​""หน้าปั๊ม​ ปตท.​ คลองมือไทร""","{""lat"":13.2878037,""lng"":101.3920716}",13.2878037,101.3920716
ေပ်ငညုသ,"{""lat"":13.2242028,""lng"":101.4648889}",13.2242028,101.4648889
BHub ร้านคเนโภชนา,"{""lat"":13.2809826,""lng"":101.4376088}",13.2809826,101.4376088
ร้านอาหารเทพรส,"{""lat"":13.2822774,""lng"":101.4372423}",13.2822774,101.4372423
ร้านอาหาร,"{""lat"":13.2618579,""lng"":101.5967292}",13.2618579,101.5967292
ร้านอาหาร,"{""lat"":13.2616731,""lng"":101.5967089}",13.2616731,101.5967089
Baifern Cafe' : คาเฟ่ของคนรักหมาบ่อทอง,"{""lat"":13.359507,""lng"":101.4167392}",13.359507,101.4167392
น้ามลเต้าหู้,"{""lat"":13.2809533,""lng"":101.3481117}",13.2809533,101.3481117
Khun Ni Potchana,"{""lat"":13.2823308,""lng"":101.4351252}",13.2823308,101.4351252
หน่อยโภชนา,"{""lat"":13.2813622,""lng"":101.4365926}",13.2813622,101.4365926
ร้านเทพรส 1,"{""lat"":13.2324922,""lng"":101.4791542}",13.2324922,101.4791542
ร้านอาหารเจ บ่อทอง,"{""lat"":13.2827732,""lng"":101.4364021}",13.2827732,101.4364021
น้ามลเต้าหู้,"{""lat"":13.2809918,""lng"":101.3482138}",13.2809918,101.3482138
น้ามลเต้าหู้,"{""lat"":13.2810078,""lng"":101.3482476}",13.2810078,101.3482476
กันเอง,"{""lat"":13.2823974,""lng"":101.4346648}",13.2823974,101.4346648
ร้านอาหารตามสั่งเจ้หน่อง,"{""lat"":13.1966406,""lng"":101.4620884}",13.1966406,101.4620884
HarborLand TUKCOM SRIRACHA,"{""lat"":13.162223,""lng"":100.928334}",13.162223,100.928334
BALCONY SEASIDE SRIRACHA Hotel & Serviced Apartments,"{""lat"":13.1883048,""lng"":100.9311312}",13.1883048,100.9311312
HARBOR PATTAYA MEGAFUN MALL,"{""lat"":12.9342511,""lng"":100.8976714}",12.9342511,100.8976714
Harbor Laemchabang,"{""lat"":13.0791311,""lng"":100.9203198}",13.0791311,100.9203198
Burger King - Bangchak Sriracha,"{""lat"":13.1596686,""lng"":100.9242551}",13.1596686,100.9242551
S & P Grand Seaside.,"{""lat"":13.1668995,""lng"":100.920331}",13.1668995,100.920331
The Fat Cow,"{""lat"":13.8080559,""lng"":100.5704679}",13.8080559,100.5704679
Hops Addict,"{""lat"":13.150936,""lng"":100.9446435}",13.150936,100.9446435
Ootoya สาขาเซ็นทรัลแจ้งวัฒนะ,"{""lat"":13.9041855,""lng"":100.5278049}",13.9041855,100.5278049
TOH CREW RESTAURANT,"{""lat"":13.1552504,""lng"":100.9114224}",13.1552504,100.9114224
She9,"{""lat"":13.1668795,""lng"":100.925448}",13.1668795,100.925448
The Farm Buffet Sriracha,"{""lat"":13.1460866,""lng"":100.9557085}",13.1460866,100.9557085
McDonald's,"{""lat"":13.167774,""lng"":100.931235}",13.167774,100.931235
SO DAM JUNG,"{""lat"":13.1563549,""lng"":100.972145}",13.1563549,100.972145
Che Siam Khao Man Kai,"{""lat"":13.147854,""lng"":101.0077716}",13.147854,101.0077716
Lap Ubon,"{""lat"":13.1669444,""lng"":100.9263889}",13.1669444,100.9263889
Hbl-Gwb,"{""lat"":13.8060182,""lng"":100.5239205}",13.8060182,100.5239205
OOTOYA,"{""lat"":13.1795463,""lng"":100.9296802}",13.1795463,100.9296802
เตี๋ยวเรือคู่จิ้น,"{""lat"":13.2193239,""lng"":100.9406629}",13.2193239,100.9406629